{"address1": "Building 5", "address2": "2655 Seely Avenue", "city": "San Jose", "state": "CA", "zip": "95134", "country": "United States", "phone": "408 943 1234", "fax": "408 428 5001", "website": "https://www.cadence.com", "industry": "Software - Application", "industryKey": "software-application", "industryDisp": "Software - Application", "sector": "Technology", "sectorKey": "technology", "sectorDisp": "Technology", "longBusinessSummary": "Cadence Design Systems, Inc. provides software, hardware, services, and reusable integrated circuit (IC) design blocks worldwide. The company offers functional verification services, including emulation and prototyping hardware. Its functional verification offering consists of JasperGold, a formal verification platform; Xcelium, a parallel logic simulation platform; Palladium, an enterprise emulation platform; and Protium, a prototyping platform for chip verification. The company also provides digital IC design and sign off products, including Genus logic synthesis and Joules RTL power solutions, as well as Modus software solution to reduce systems-on-chip design-for-test time; physical implementation tools, such as place and route, optimization, and multiple patterning preparation; and Innovus implementation system, a physical implementation system. In addition, it offers custom IC design and simulation products to create schematic and physical representations of circuits down to the transistor level for analog, mixed-signal, custom digital, memory, and radio frequency designs; and system design and analysis products to develop printed circuit boards and IC packages, as well as to analyze electromagnetic, electro-thermal, and other multi-physics effects. Further, the company provides intellectual property (IP) products comprising pre-verified and customizable functional blocks to integrate into customer's ICs; and verification IP with memory models to emulate and model the expected behavior and interaction of standard industry system interface protocols. Additionally, it offers services related to methodology, education, and hosted design solutions, as well as technical support and maintenance services. The company serves 5G communications, aerospace and defense, automotive, industrial and healthcare, mobile, consumer, and hyperscale computing markets. Cadence Design Systems, Inc. was incorporated in 1987 and is headquartered in San Jose, California.", "fullTimeEmployees": 10200, "companyOfficers": [{"maxAge": 1, "name": "Dr. Anirudh  Devgan Ph.D.", "age": 52, "title": "CEO, President & Director", "yearBorn": 1970, "fiscalYear": 2022, "totalPay": {"raw": 2117881, "fmt": "2.12M", "longFmt": "2,117,881"}, "exercisedValue": {"raw": 0, "fmt": null, "longFmt": "0"}, "unexercisedValue": {"raw": 26529016, "fmt": "26.53M", "longFmt": "26,529,016"}}, {"maxAge": 1, "name": "Mr. John M. Wall", "age": 51, "title": "Senior VP & CFO", "yearBorn": 1971, "fiscalYear": 2022, "totalPay": {"raw": 1406348, "fmt": "1.41M", "longFmt": "1,406,348"}, "exercisedValue": {"raw": 7486426, "fmt": "7.49M", "longFmt": "7,486,426"}, "unexercisedValue": {"raw": 6348585, "fmt": "6.35M", "longFmt": "6,348,585"}}, {"maxAge": 1, "name": "Mr. Aneel  Zaman", "age": 53, "title": "Senior VP & Chief Revenue Officer", "yearBorn": 1969, "fiscalYear": 2022, "totalPay": {"raw": 1406348, "fmt": "1.41M", "longFmt": "1,406,348"}, "exercisedValue": {"raw": 5332176, "fmt": "5.33M", "longFmt": "5,332,176"}, "unexercisedValue": {"raw": 944472, "fmt": "944.47k", "longFmt": "944,472"}}, {"maxAge": 1, "name": "Dr. Chin-Chi  Teng Ph.D.", "age": 56, "title": "Senior VP and GM of the Digital & Signoff Group", "yearBorn": 1966, "fiscalYear": 2022, "totalPay": {"raw": 1069317, "fmt": "1.07M", "longFmt": "1,069,317"}, "exercisedValue": {"raw": 0, "fmt": null, "longFmt": "0"}, "unexercisedValue": {"raw": 6325367, "fmt": "6.33M", "longFmt": "6,325,367"}}, {"maxAge": 1, "name": "Mr. Paul  Cunningham Ph.D.", "age": 44, "title": "Senior VP & GM of the System and Verification Group", "yearBorn": 1978, "fiscalYear": 2022, "totalPay": {"raw": 1121474, "fmt": "1.12M", "longFmt": "1,121,474"}, "exercisedValue": {"raw": 0, "fmt": null, "longFmt": "0"}, "unexercisedValue": {"raw": 226622, "fmt": "226.62k", "longFmt": "226,622"}}, {"maxAge": 1, "name": "Mr. Ariel  Sella", "title": "Co-Founder", "fiscalYear": 2022, "exercisedValue": {"raw": 0, "fmt": null, "longFmt": "0"}, "unexercisedValue": {"raw": 0, "fmt": null, "longFmt": "0"}}, {"maxAge": 1, "name": "Mr. James  Haddad", "title": "Corporate VP of Corporate Finance & Treasurer", "fiscalYear": 2022, "exercisedValue": {"raw": 0, "fmt": null, "longFmt": "0"}, "unexercisedValue": {"raw": 0, "fmt": null, "longFmt": "0"}}, {"maxAge": 1, "name": "Mr. Richard  Gu", "title": "Vice President of Investor Relations", "fiscalYear": 2022, "exercisedValue": {"raw": 0, "fmt": null, "longFmt": "0"}, "unexercisedValue": {"raw": 0, "fmt": null, "longFmt": "0"}}, {"maxAge": 1, "name": "Ms. Karna  Nisewaner", "age": 47, "title": "Corporate VP, General Counsel & Secretary", "yearBorn": 1975, "fiscalYear": 2022, "exercisedValue": {"raw": 0, "fmt": null, "longFmt": "0"}, "unexercisedValue": {"raw": 0, "fmt": null, "longFmt": "0"}}, {"maxAge": 1, "name": "Ms. Christina Rooke Jones", "title": "Senior Vice President of Global Human Resources", "fiscalYear": 2022, "exercisedValue": {"raw": 0, "fmt": null, "longFmt": "0"}, "unexercisedValue": {"raw": 0, "fmt": null, "longFmt": "0"}}], "auditRisk": 5, "boardRisk": 3, "compensationRisk": 8, "shareHolderRightsRisk": 1, "overallRisk": 2, "governanceEpochDate": 1701388800, "compensationAsOfEpochDate": 1672444800, "maxAge": 86400, "priceHint": 2, "previousClose": 275.82, "open": 276.64, "dayLow": 275.76, "dayHigh": 279.18, "regularMarketPreviousClose": 275.82, "regularMarketOpen": 276.64, "regularMarketDayLow": 275.76, "regularMarketDayHigh": 279.18, "payoutRatio": 0.0, "beta": 1.053, "trailingPE": 79.020004, "forwardPE": 46.95586, "volume": 86219, "regularMarketVolume": 86219, "averageVolume": 1408769, "averageVolume10days": 1701180, "averageDailyVolume10Day": 1701180, "bid": 275.94, "ask": 276.36, "bidSize": 800, "askSize": 1300, "marketCap": 75244191744, "fiftyTwoWeekLow": 154.88, "fiftyTwoWeekHigh": 279.33, "priceToSalesTrailing12Months": 19.188877, "fiftyDayAverage": 259.1246, "twoHundredDayAverage": 233.25635, "trailingAnnualDividendRate": 0.0, "trailingAnnualDividendYield": 0.0, "currency": "USD", "fromCurrency": null, "toCurrency": null, "lastMarket": null, "coinMarketCapLink": null, "algorithm": null, "tradeable": false, "enterpriseValue": 74726957056, "profitMargins": 0.24422, "floatShares": 269387631, "sharesOutstanding": 272062016, "sharesShort": 2703225, "sharesShortPriorMonth": 2439978, "sharesShortPreviousMonthDate": 1698710400, "dateShortInterest": 1701302400, "sharesPercentSharesOut": 0.0099, "heldPercentInsiders": 0.00911, "heldPercentInstitutions": 0.91528, "shortRatio": 2.04, "shortPercentOfFloat": 0.013200001, "impliedSharesOutstanding": 278588992, "category": null, "bookValue": 11.446, "priceToBook": 24.163027, "fundFamily": null, "legalType": null, "lastFiscalYearEnd": 1672444800, "nextFiscalYearEnd": 1703980800, "mostRecentQuarter": 1696032000, "earningsQuarterlyGrowth": 0.365, "netIncomeToCommon": 957636992, "trailingEps": 3.5, "forwardEps": 5.89, "pegRatio": 3.01, "lastSplitFactor": "2:1", "lastSplitDate": 879724800, "enterpriseToRevenue": 19.057, "enterpriseToEbitda": 58.0, "52WeekChange": 0.72333646, "SandP52WeekChange": 0.24166095, "exchange": "NMS", "quoteType": "EQUITY", "symbol": "CDNS", "underlyingSymbol": "CDNS", "shortName": "Cadence Design Systems, Inc.", "longName": "Cadence Design Systems, Inc.", "firstTradeDateEpochUtc": 550330200, "timeZoneFullName": "America/New_York", "timeZoneShortName": "EST", "uuid": "9b307be0-911d-321b-ac00-7b96e208b1c9", "messageBoardId": "finmb_25941", "gmtOffSetMilliseconds": -18000000, "currentPrice": 276.57, "targetHighPrice": 315.0, "targetLowPrice": 248.0, "targetMeanPrice": 279.92, "targetMedianPrice": 285.0, "recommendationMean": 1.7, "recommendationKey": "buy", "numberOfAnalystOpinions": 13, "totalCash": 961982016, "totalCashPerShare": 3.536, "ebitda": 1288402048, "totalDebt": 648801024, "quickRatio": 1.11, "currentRatio": 1.443, "totalRevenue": 3921240064, "debtToEquity": 20.836, "revenuePerShare": 14.548, "returnOnAssets": 0.13795, "returnOnEquity": 0.32897, "grossProfits": 3190095000, "freeCashflow": 985692352, "operatingCashflow": 1340720000, "earningsGrowth": 0.368, "revenueGrowth": 0.134, "grossMargins": 0.89176005, "ebitdaMargins": 0.32856998, "operatingMargins": 0.30181998, "financialCurrency": "USD"}