{"address1": "2700 Coast Avenue", "city": "Mountain View", "state": "CA", "zip": "94043", "country": "United States", "phone": "650 944 6000", "website": "https://www.intuit.com", "industry": "Software - Application", "industryKey": "software-application", "industryDisp": "Software - Application", "sector": "Technology", "sectorKey": "technology", "sectorDisp": "Technology", "longBusinessSummary": "Intuit Inc. provides financial management and compliance products and services for consumers, small businesses, self-employed, and accounting professionals in the United States, Canada, and internationally. The company operates in four segments: Small Business & Self-Employed, Consumer, Credit Karma, and ProTax. The Small Business & Self-Employed segment provides QuickBooks services, that includes financial and business management online services and desktop software, payroll solutions, time tracking, merchant payment processing solutions, and financing for small businesses; and Mailchimp services, such as e-commerce, marketing automation, and customer relationship management. This segment also offers QuickBooks online services and desktop software solutions comprising QuickBooks Online Advanced, a cloud-based solution; QuickBooks Enterprise, a hosted solution; and QuickBooks Self-Employed solution; payment-processing solutions, including credit and debit cards, Apple Pay, and ACH payment services; and financial supplies and financing for small businesses, as well as electronic filing of federal and state income tax returns. The Consumer segment provides TurboTax income tax preparation products and services. The Credit Karma segment offers consumers with a personal finance platform that provides personalized recommendations of home, auto, and personal loans, as well as credit cards and insurance products. The ProTax segment provides Lacerte, ProSeries, and ProFile desktop tax-preparation software products; and ProConnect Tax Online tax products, electronic tax filing service, and bank products and related services. It sells products and services through various sales and distribution channels, including multi-channel shop-and-buy experiences, websites and call centers, mobile application stores, and retail and other channels. The company was founded in 1983 and is headquartered in Mountain View, California.", "fullTimeEmployees": 18200, "companyOfficers": [{"maxAge": 1, "name": "Mr. Sasan K. Goodarzi", "age": 54, "title": "CEO, President & Director", "yearBorn": 1968, "fiscalYear": 2023, "totalPay": {"raw": 3090000, "fmt": "3.09M", "longFmt": "3,090,000"}, "exercisedValue": {"raw": 0, "fmt": null, "longFmt": "0"}, "unexercisedValue": {"raw": 70066272, "fmt": "70.07M", "longFmt": "70,066,272"}}, {"maxAge": 1, "name": "Mr. Scott D. Cook", "age": 70, "title": "Founder & Director", "yearBorn": 1952, "fiscalYear": 2023, "totalPay": {"raw": 1235000, "fmt": "1.24M", "longFmt": "1,235,000"}, "exercisedValue": {"raw": 0, "fmt": null, "longFmt": "0"}, "unexercisedValue": {"raw": 0, "fmt": null, "longFmt": "0"}}, {"maxAge": 1, "name": "Ms. Laura A. Fennell", "age": 61, "title": "Executive VP and Chief People & Places Officer", "yearBorn": 1961, "fiscalYear": 2023, "totalPay": {"raw": 1611600, "fmt": "1.61M", "longFmt": "1,611,600"}, "exercisedValue": {"raw": 16961456, "fmt": "16.96M", "longFmt": "16,961,456"}, "unexercisedValue": {"raw": 19124092, "fmt": "19.12M", "longFmt": "19,124,092"}}, {"maxAge": 1, "name": "Ms. Marianna  Tessel", "age": 55, "title": "Executive VP and GM of Small Business & Self Employed Group", "yearBorn": 1967, "fiscalYear": 2023, "totalPay": {"raw": 1612592, "fmt": "1.61M", "longFmt": "1,612,592"}, "exercisedValue": {"raw": 465906, "fmt": "465.91k", "longFmt": "465,906"}, "unexercisedValue": {"raw": 17974720, "fmt": "17.97M", "longFmt": "17,974,720"}}, {"maxAge": 1, "name": "Mr. Sandeep Singh Aujla", "age": 46, "title": "SVP of Finance for SBSEG & Technology Organization, Executive VP and CFO", "yearBorn": 1976, "fiscalYear": 2023, "exercisedValue": {"raw": 0, "fmt": null, "longFmt": "0"}, "unexercisedValue": {"raw": 0, "fmt": null, "longFmt": "0"}}, {"maxAge": 1, "name": "Ms. Lauren D. Hotz", "age": 46, "title": "Senior VP & Chief Accounting Officer", "yearBorn": 1976, "fiscalYear": 2023, "exercisedValue": {"raw": 0, "fmt": null, "longFmt": "0"}, "unexercisedValue": {"raw": 0, "fmt": null, "longFmt": "0"}}, {"maxAge": 1, "name": "Mr. Alex G. Balazs", "age": 51, "title": "Executive VP & CTO", "yearBorn": 1971, "fiscalYear": 2023, "exercisedValue": {"raw": 0, "fmt": null, "longFmt": "0"}, "unexercisedValue": {"raw": 0, "fmt": null, "longFmt": "0"}}, {"maxAge": 1, "name": "Ms. Kimberly Anderson Watkins CFA", "title": "Vice President of Investor Relations", "fiscalYear": 2023, "exercisedValue": {"raw": 0, "fmt": null, "longFmt": "0"}, "unexercisedValue": {"raw": 0, "fmt": null, "longFmt": "0"}}, {"maxAge": 1, "name": "Ms. Kerry J. McLean", "age": 58, "title": "Executive VP, General Counsel & Corporate Secretary", "yearBorn": 1964, "fiscalYear": 2023, "exercisedValue": {"raw": 0, "fmt": null, "longFmt": "0"}, "unexercisedValue": {"raw": 0, "fmt": null, "longFmt": "0"}}, {"maxAge": 1, "name": "Ms. Lara  Balazs", "title": "Executive VP, Chief Marketing Officer & GM of Strategic Partner Group", "fiscalYear": 2023, "exercisedValue": {"raw": 0, "fmt": null, "longFmt": "0"}, "unexercisedValue": {"raw": 0, "fmt": null, "longFmt": "0"}}], "auditRisk": 6, "boardRisk": 1, "compensationRisk": 2, "shareHolderRightsRisk": 3, "overallRisk": 1, "governanceEpochDate": 1701388800, "compensationAsOfEpochDate": 1703980800, "maxAge": 86400, "priceHint": 2, "previousClose": 624.07, "open": 625.17, "dayLow": 625.16, "dayHigh": 628.33, "regularMarketPreviousClose": 624.07, "regularMarketOpen": 625.17, "regularMarketDayLow": 625.16, "regularMarketDayHigh": 628.33, "dividendRate": 3.6, "dividendYield": 0.0058, "exDividendDate": 1704758400, "payoutRatio": 0.3549, "fiveYearAvgDividendYield": 0.64, "beta": 1.21, "trailingPE": 68.77827, "forwardPE": 36.727436, "volume": 57880, "regularMarketVolume": 57880, "averageVolume": 1459803, "averageVolume10days": 1662720, "averageDailyVolume10Day": 1662720, "bid": 625.94, "ask": 626.69, "bidSize": 800, "askSize": 800, "marketCap": 175399501824, "fiftyTwoWeekLow": 370.62, "fiftyTwoWeekHigh": 628.33, "priceToSalesTrailing12Months": 11.892298, "fiftyDayAverage": 549.819, "twoHundredDayAverage": 489.90326, "trailingAnnualDividendRate": 3.24, "trailingAnnualDividendYield": 0.005191725, "currency": "USD", "fromCurrency": null, "toCurrency": null, "lastMarket": null, "coinMarketCapLink": null, "algorithm": null, "tradeable": false, "profitMargins": 0.17527, "floatShares": 271918633, "sharesOutstanding": 279936000, "sharesShort": 4167778, "sharesShortPriorMonth": 3357442, "sharesShortPreviousMonthDate": 1698710400, "dateShortInterest": 1701302400, "sharesPercentSharesOut": 0.0149, "heldPercentInsiders": 0.028719999, "heldPercentInstitutions": 0.86574996, "shortRatio": 2.83, "shortPercentOfFloat": 0.0153, "impliedSharesOutstanding": 284127008, "category": null, "bookValue": 60.663, "priceToBook": 10.328702, "fundFamily": null, "legalType": null, "lastFiscalYearEnd": 1690761600, "nextFiscalYearEnd": 1722384000, "mostRecentQuarter": 1627689600, "earningsQuarterlyGrowth": -0.146, "netIncomeToCommon": 2584999936, "trailingEps": 9.11, "forwardEps": 17.06, "pegRatio": 3.14, "lastSplitFactor": "2:1", "lastSplitDate": 1152230400, "52WeekChange": 0.62895775, "SandP52WeekChange": 0.24166095, "lastDividendValue": 0.9, "lastDividendDate": 1696464000, "exchange": "NMS", "quoteType": "EQUITY", "symbol": "INTU", "underlyingSymbol": "INTU", "shortName": "Intuit Inc.", "longName": "Intuit Inc.", "firstTradeDateEpochUtc": 731946600, "timeZoneFullName": "America/New_York", "timeZoneShortName": "EST", "uuid": "5c70294e-cd25-37e7-bcfc-efc872b77fe6", "messageBoardId": "finmb_21171", "gmtOffSetMilliseconds": -18000000, "currentPrice": 626.57, "targetHighPrice": 634.83, "targetLowPrice": 426.24, "targetMeanPrice": 556.22, "targetMedianPrice": 566.81, "recommendationMean": 1.9, "recommendationKey": "buy", "numberOfAnalystOpinions": 25, "ebitda": 4000000000, "quickRatio": 0.532, "currentRatio": 1.247, "totalRevenue": 14748999680, "revenuePerShare": 52.534, "returnOnAssets": 0.07585, "returnOnEquity": 0.15639, "grossProfits": 11388000000, "freeCashflow": 4290500096, "operatingCashflow": 4621000192, "earningsGrowth": -0.185, "revenueGrowth": 0.41, "grossMargins": 0.79205, "ebitdaMargins": 0.2712, "operatingMargins": 0.15697, "financialCurrency": "USD"}